,_id,task,src,tgt
0,696,gec,"Fix grammaticality in this sentence: In the car, we talks including the movie, she say on Tom Cruise is the hotest guy of the world but I didn't mind, so when I say to her within the girls of the movies were very beatyfull, she saw me with but faces and then I say that she is better at the girl since the movies, so I think I'm going to gone upon UNKNOWN","In the car, we talked about the movie, she said that Tom Cruise is the hottest guy in the world but I don't mind, so when I said to her that the girl in the movie is very beautiful, she looked at me with but face and then I said that she is better than the girl in the movie, so I think I'm going to go to UNKNOWN"
1,540,gec,"Fix grammatical errors: up yes I've seeing the programme too, but I don't thinking that the programme were brilliant because I preferred actions films including James Bond, the famous spy called "" 008 "", that been one of the programmes I having enjoyed, the others are "" Mission possible 40 "", above Tom Crase, it were great, I enjoyed "" Dark Saloon "" a western with Clint Westwood it been super cool, by a lots about actions and a lots dead men.","If so, I've seen the programme too, but I don't think that the programme was brilliant because I prefer action films like James Bond, the famous spy called "" 008 "", that's one of the programmes I have enjoyed, the others are "" Mission possible 40 "", with Tom Crase, it was great, I enjoyed "" Dark Saloon "", a western with Clint Westwood, it was supercool, with a lot of action and a lot of dead men."
2,1074,gec,Make the sentence grammatical: The patient had an emergent tracheostomies placed along the bedside.,The patient had an emergency tracheostomy placed at the bedside.
3,748,gec,"Fix grammatical mistakes in this sentence: The captain's crew being on the deck trying to gets ahold of the sales to trying and steered us away from the storm, but the wind being relentless, a few across the captain's men is swept overboard among through the intence lashes but the sails.","The captain's crew was on the deck, trying to get ahold of the sales to try and steer us away from the storm, but the wind was relentless. A few of the captain's men were swept overboard due to the intense lash of the sails."
4,646,gec,"Fix grammaticality: How many times do we turn before the television and we watch different commercial ad beyond different enterprises that are permanently appealing the youngster to have a new toy or a new doll and put a pressure on the parent's to they will have, most over the time, to spending money on something that will bring to the child a momentaneous happiness.","How many times do we turn on the television and watch different advertisements from different enterprises that are permanently appealing to the youngsters to get a new toy or a new doll and putting pressure on the parents because they will have, most of the time, to spend money on something that will bring the child momentary happiness."
5,564,gec,"Fix grammatical mistakes in this sentence: me up, I sitting at a computer all day, but between I stay in my job, around the evennings I gone to the gym, I've got a person how cares for my despite all moments, I do bike, I run forty-five minute, I spend two hours a days of the gyms, but I've got time.","me too. I sit at a computer all day, but since I have been in my job, in the evenings I go to the gym. I've got a person who looks after me all the time. I do exercise bike, I run for forty-five minutes, I spend two hours a day in the gym, but I've got time."
6,622,gec,Fix grammatical errors in this sentence: Therefore using one approach may have an adverse effects under ethics on to were guiding for both may deviated the research from its aims.,"Therefore, using one approach may have an adverse effect on ethics, whereas being guided by both may deviate the research from its aim."
7,787,gec,"Fix grammatical mistakes in this sentence: Over the next years, her tenure file passed the scrutiny of three committee, which read everything written by and following Abu El-Haj, and recommended her for tenure.","Over the next year, her tenure file passed the scrutiny of three committees, which read everything written by and about Abu El-Haj and recommended her for tenure."
8,812,gec,"Fix grammatical errors in this sentence: The study aims to evaluate on how a changes of diet to full liquid for 8-week span and a 6-month follow-up can improve the participant's blood sugars levels and improve their T2DM (Steven et al. , 2016).","The study aimed to evaluate how a change of diet to full liquid for a 8-week span and a 6-month follow-up can improve the participants ' blood sugar level and their T2DM (Steven et al. , 2016)."
9,529,gec,"Fix disfluencies in the sentence: Also we can recycled all papers which been already used, all bottles plus drinks up water, juice, people used The other things that colleges can do to help the enviroment been to make sure all student understand the advantage of recycling, and also try to recycled everything which were important to be recycled, also colleges to make sure they plants tree sorrounding the college which is good for invioroment.","Also we can recycle all the paper which has already been used, and all the bottles of drinks, like water and juice, people have used. The other thing that the college can do to help the environment is to make sure all the students understand the advantage of recycling, and also to try to recycle everything which is able to be recycled, also the college could make sure they plant trees around the college, which is good for the environment."
10,401,gec,"Fix grammaticality of the sentence: following the man left the café, Maria seen that his phone was still following the table, first she ran between him so fast, but next she looked that he had taken a taxi upon that, she took a taxi too! and she said "" behind him please and hurry up "", then the taxi stopped for a really big traffic, finally she went down the taxi and running so fast behind the other taxi, finally she stops the other taxi, but the man isn't thereat the ends she finds him, and she saying: "" hey you forgot your mobile phones! "" and the man answers: "" That's not mines "".","As the man left the café, Maria saw that his phone was still on the table, first she ran after him very fast, but then she saw that he had taken a taxi after that, she took a taxi too, and she said, "" Follow him please and hurry up! "" and then the taxi stopped in really heavy traffic, finally she got out of the taxi and ran very fast after the other taxi, finally she stopped the other taxi, but the man wasn't thereat the end she found him, and she said: "" Hey, you forgot your mobile phone! "" and the man answered: "" That's not mine. """
11,717,gec,"Fix grammatical mistakes in this sentence: Any new form of communication can improve the skill of a nurse as to allowed them to sees different style of how someones can be cared (College between Nurses of Ontario, 2012).","Any new form of communication can be useful in improving the skills of a nurse and allowing them to discover different styles of caring for clients (College of Nurses of Ontario, 2012)."
12,526,gec,"Fix grammatical errors in this sentence: studies in America has long been a dream for Keanu, where he sees a great chance to a good education, personal development, and his future.","Studying in America has long been a dream for Keanu; he sees it as a great chance to pursue a good education, personal development, and a great future."
13,612,gec,"Make the sentence grammatical: I remember first seeing Woods doing his 90's kids gimmicks under NXT, and was happy that new gimmicks were finally getting a chances. Soon through he started showing up on the main rosters though the funk part of the gimmicks were just about all they focused on aside for brief mentions out him being a nerds.","I remember first seeing Woods when he did his 90s-kid gimmick on NXT and was happy that new gimmicks were being showcased. However, once he started showing up on the main roster, the focus became mostly about the funk part of the gimmick, with brief mentions only of him being a nerd."
14,926,gec,"Fix grammaticality: on: To: Customer Service manager Subject: complained about late delivery One of our customers, Kyle, who is working towards our trading company asked us with late deliveries so I explained our situation at our production employes have been into a strikes It is suggested at we should give an information about the company which are producing as same as our company is.","From: To: Customer Service Manager Subject: Complaining about late delivery One of our customers, Kyle, who is working for our trading company, asked us about the late delivery so I explained our situation - that our production employees have been on strike. It is suggested that we should give him information about the company which is producing the same things as our company."
15,240,gec,Fix disfluencies in the sentence: Did I receive the fortune?,Did I receive a fortune?
16,61,gec,"Fix grammatical errors in this sentence: throughout about Ajzen [18] intentions been assumed to were one of the motivational factors that can influence behaviours, which is related to the willingness through an individuals to try something new, and also the effort placed in performed such behaviour.","According to Ajzen [18], intention is assumed to be one of the motivational factors that can influence behaviour, which is related to the willingness of an individual to try something new and also the effort used in performing such behaviour."
17,234,gec,Fix grammatical errors in this sentence: until cases that valuation dropping down to $ 1.5B Nutanix will having an attractive P/S ratios of 5.3 taking into accounts a TTM revenues of $ 283M.,"In case that valuation drops down to $ 1.5B, Nutanix will have an attractive P/S ratio of 5.3, taking into account a TTM revenue of $ 283M."
18,847,gec,"Fix grammatical errors: My parent don't understands without I'm 20 year old now, I needs to stayed with my friend, or on my own! But, you know, sometimes I miss them, against facts last summer I went out to the camping where I staying of my friends and I joined my parent until you need your spaces, and you want to spend your holiday times with your friends.","My parents don't understand that I'm 20 years old now, I need to be with my friends, or on my own. But, you know, sometimes I miss them, in fact last summer I left the campsite where I was staying with my friends and I joined my parents that you need your space, and you want to spend your holiday with your friends."
19,843,gec,"Make the sentence grammatical: I think you must go to the gym, it is next except the supermarkets, or If you want you can go to the sport centre with me to play tennis, we can going all week but I think is better gone only three day Monday, Friday and Saturday if you want it isn't too expensive and the teachers being very nice.","I think you must go to the gym, it is next to the supermarket, or if you want you can go to the sports centre with me to play tennis, we can go all week but I think it is better to go only on three days: Monday, Friday and Saturday if you want it isn't too expensive and the teacher is very nice."
20,267,gec,"Fix grammar in the sentence: It is critical that the NS has the sound basis of education but the structure including practice; facilitates tools to learn beyond a processes, and the outcome despite the care is the recognition towards diversity and beauty of all groups to live in harmony with each other.","It is critical that NSs have a sound basis of education as the framework of their practice and the right tools to facilitate their learning process, and the outcome of the care is the recognition of the diversity and beauty of all groups to live in harmony with each other."
21,811,gec,"Fix grammaticality in this sentence: My reviser taught me the importance of writing a flawless English texts, out a focus on achieving formality, proper to the professional and executive environment.","My reviser has taught me the importance of writing a flawless English text, with a focus on achieving formality that is proper in the professional and executive environment."
22,530,gec,"Fix grammaticality in this sentence: With over 30 artists and creative so far, this community has been steadily increasing its rank up more and more people who shares the same taste, interest and lifestyles.","With over 30 artists and creatives so far, this community has been steadily increasing its ranks with more and more people who share the same tastes, interests, and lifestyle."
23,724,gec,"Fix grammaticality: All without all, Individualism and society in Nietzsche's Thus speaks Zarathustra offered a richer picture into understands the stages to overmanned and how outside and inside force to the will towards power, and societal tradition can afflicting progress since achieving overman.","All in all, Individualism and society in Nietzsche's Thus Spoke Zarathustra offers a richer picture into understanding the stages to Overman and how outside and inside forces like the will to power, and societal tradition can afflict progress to achieving Overman."
24,583,gec,Fix grammar in the sentence: memos To: All Staff concerning: managing Director Date: 7 December 2002 Subject: Staff Reward Dear Fellow Colleagues thanking you all beyond of your keen contribution for the last 6 months development plans which the latest report from the boards following director led to 30% increase at the company's profits.,"MEMO To: All Staff From: Managing Director Date: 7 December 2002 Subject: Staff Reward Dear Colleagues Thank you all for your sterling contribution over the last 6 months development plans, which according the latest reports from the board of directors led to a 30% increase in the company's profits."
25,616,gec,Fix grammar in the sentence: We are does a fantasy drafts right?,"We are doing a fantasy draft, right?"
26,774,gec,Fix grammaticality of the sentence: The CED believing against the Regents of the University of California (UC) operates a for-profit racketeering enterprise without which the UC institutions sell human rights guaranteed over those descendants of slaves above the 1866 Civil Rights act to nonresidential student.,The CED believes that the Regents of the University of California (UC) operate a for-profit racketeering enterprise in which the UC institutions sell human rights guaranteed to the descendants of slaves per the 1866 Civil Rights Acts to nonresidential students.
27,478,gec,"Fix grammaticality: In some role plays, like about "" Opa Catering, "" fact I had known before the negotiation appeared to being incorrect in view of the information providing since the opponent.","In some role plays, like in "" Opa Catering "", facts I had known before the negotiation appeared to be incorrect in view of the information provided by the opponent."
28,301,gec,"Fix grammar in the sentence: Due until most beyond them are all including IT knowledges and also done not doing much research in target customers, to understand what they need or what they wanted to gain most after this rental services.","That was because most of them are all about IT knowledge, and because they did not do much research on target customers to understand what they need or what they want to gain most from this rental service."
29,158,gec,"Fix grammaticality of the sentence: Recommendations it is advisable to make some courses on subjects which students will needed for passing the exams to enter the universities, up basic level is not sufficient for them; it are purposeful to have not lesson for 45 mins, but lecture or seminars for 90 min, like before universities (some schools already do it): easier for students to do homework not for 6 subjects, but for 3 or 4, more times to asking questions, easier to understand and remember the information, the first halves behind 90 min lessons could be considered as a lectures (just theory) and the second ones could be a seminar (practised); it could be a good ideas to called more teacher and make classes of fewer students, so to have time for all students to be asked (especially for main subjects, towards Russian, Maths and foreign language, classes could be devised).","Recommendations It is advisable to do some courses in subjects which students will need to pass the exams to enter the university, as basic level is not sufficient for them; It is proposed to not have lessons for 45 min, but lectures or seminars for 90 min, like in universities (some schools already do this): easier for students to do homework not in 6 subjects, but in 3 or 4, more time to ask questions, easier to understand and remember the information, the first half of a 90 min lesson could be considered a lecture (just theory) and the second one could be a seminar (practice); It might be a good idea to employ more teachers and make classes of fewer students, so as to have time for all students to be asked (especially in the main subjects, like Russian, Maths and foreign languages, classes could be divided)."
30,506,gec,"Fix disfluencies in the sentence: Like I know you and I now your personalities I suggested you to go the large school in the centre towns because there you will make a lots of friend's and alway's you will had something to did If you are bored, and if you gone through the small country side schools you wouldn't were able to make lots of friends because there is not going to be so much people there.","Since I know you, and I know your personality, I suggest you go to the large school in the centre of town because there you will make a lot of friends and you will always have something to do if you are bored, and if you go to the small countryside school you wouldn't be able to make a lot of friends because there are not going to be so many people there."
31,851,gec,"Fix grammar in this sentence: How did you hear about Brown (e.g. college counselor, Brown alumnus/a, website, social media, etc)?","How did you hear about Brown (e.g., college counselor, Brown alumnus/a, website, social media, etc.)?"
32,1045,gec,"Make the sentence fluent: Although the Japanese government usually initiating such negotiation, I requested our governments to let us discuss with the Chinese officers directly against orders to shows our commitments between them, as a delegate despite Japanese private sectors for the issues.","Although the Japanese government usually initiates such negotiation, I requested our government to let us discuss with the Chinese officers directly in order to show our commitment to them as a delegate of Japanese private sectors for the issues."
33,558,gec,"Fix grammaticality of the sentence: The first things is the traffic issue that were came despite high consumes of private cars, Yet many cities, such as Tehran, do not having the capacity for cars.","The first thing is the traffic issue, which is caused by the high number of private cars. Yet many cities, such as Tehran, do not have the capacity for cars."
34,795,gec,"Fix grammatical mistakes in this sentence: But the supporters arguing without methane's effects through global warming are not only less severe of carbon dioxide's, but the concern about leakage is very unnecessary considering the advance for technology today.",The supporters argue not only that methane's effects on global warming are less severe than carbon dioxide's but also that the concern about leakage is very unnecessary considering the advances in technology today.
35,554,gec,"Fix grammar in this sentence: The activity we would like to engaging them since are the following: a martial arts group that would enable them to improved their fitness levels as well as deal with anger in a constructive ways a youths theatres a photography workshop to raised interest in our local area (its nature, history and people) meeting with successful local professional who could act as role models, and carrer advisors concerning Barnet Job Centre plus. an "" after-school weekend club where the teenagers would help younger children with their homework.","The activities we would like to engage them in are the following: a martial arts group that would enable them to improve their fitness levels as well as deal with anger in a constructive way a youth theatre a photography workshop to raise interest in our local area (its nature, history and people) meetings with successful local professionals who could act as role models, and career advisors from Barnet Job Centre an after-school weekend club where the teenagers would help younger children with their homework."
36,1086,gec,"Fix grammatical errors: I want to see you as posible you can, near I'll be in holidays at the same time like you, so you can come to my cities, well actualy is a little town, but we can does many things here like fishes within the near lakes, or maybe we can go to visit some touristic places and between you like adventure we can going at a trip of 4 days in the countries for camping.","I want to see you as soon as you possibly can, because I'll be on holiday at the same time as you, so you can come to my city, well actually it is a little town, but we can do a lot of things here like fish in the nearby lakes, or maybe we can go to visit some tourist places and if you like adventure we can go on a trip for 4 days in the country camping."
37,908,gec,"Fix grammatical mistakes in this sentence: My six years at McKinsey & Company are enjoyable and stimulating, but I realizing my true passion lies in directly promoting/cultivates new technology and business that will profoundly impact society by harnessing my leadership abilities, business acumen and scientific prowess.","My six years at McKinsey & Company were enjoyable and stimulating, but I realized my true passion lies in directly promoting/cultivating new technologies and businesses that will profoundly impact society by harnessing my leadership abilities, business acumen, and scientific prowess."
38,3,gec,"Fix grammatical errors: Their research shown that before Hurricane Sandy only "" about 50 percent during resident used the emergency departments, "" and "" only about 35 percents sought inpatient cares there and less than 10 percent used the hospitals when needing surgeries with any kind. ""","Their research showed that before Hurricane Sandy, only "" about 50 percent of residents used the emergency department "" and "" only about 35 percent sought inpatient care there, and less than 10 percent used the hospital when needing surgery of any kind. """
39,827,gec,"Fix grammaticality of the sentence: However, it may be true through us to have price weakness within I mentioned concerning SWOT Analysis comparing to non-consulting firms, Intelligence, Ltd., Benesse Holdings, Inc., TOYO KEIZAI INC., and etc, because they usually provided ready-made services products.","However, it may be true for us to have price weakness, as I mentioned in the SWOT analysis in comparison to nonconsulting firms, such as Intelligence, Ltd., Benesse Holdings, Inc., and Toyo Keizai Inc., because they usually provide ready-made service products."
40,339,gec,"Fix grammatical errors: Fox and Savage report that the security measures, response and intervention are significantly different within a K-12 setting behind a universities setting.","Fox and Savage report that the security measures, response, and intervention are significantly different within a K-12 setting versus a university setting."
41,114,gec,"Make the sentence fluent: Now a day student changed many aspects around thier study in orders to study useful subject without the filed that they really liking to study therefore, that will reflect the benefit on I students and the socities However, some people believe that student upon they allowed to studied useful only regardless their diser which will give the motivate to carried on studies, In my opinion we should allow them to studying what they like and where rather than restricted them within word certain subjects such as science and technology, and also we should incourage our student to choos. the eara that might be flowrshing their life and transferring the knowledges they obtains along prctices.","Nowadays students have changed many aspects of their studies in order to study useful subjects in a field that they really like to study therefore, that will be reflected in the benefit to students and societies. However, some people believe that students, if they are allowed to study something useful only, regardless of their desire which will give them the motivation to carry on studying. In my opinion we should allow them to study what they like and where rather than restricting them to choosing certain subjects such as science and technology, and also we should encourage our students to choose in the era when their life might be flourishing and put the knowledge they obtain into practice."
42,928,gec,"Fix grammaticality: In fact, there been no real offers for economy and price brand.","In fact, there is no real offer in the Economy and Price categories."
43,729,gec,"Make the sentence grammatical: Full times activities of 16-17 years olds United Kingdom (1989-1999) The general surge has been towards a two fold down growths in full time activity over the decade 1989-99; among evidenced by 95% activity rates, a decades earlier compared to 90% at present, and this down ward trend has been gradual and constant under shown by midinterval (1994) value of 8% nonactivities across comparing the main activities, the late teenager partake in nowadays, it been very suggestive that their engagement in full time educational activities had sore high - of a 21% rises over the period without consideration.","Full-time activities of 16 - to 17-year-olds the United Kingdom (1989-1999) The general tendency has been towards a twofold downward movement in full-time activity over the decade 1989-99 as evidenced by 95% activity rates a decade earlier compared to 90% at present, and this downward trend has been gradual and constant as shown by mid-interval (1994) values of 8% inactivity. While comparing the main activities the older teenagers partake in nowadays, it is very clear that their engagement in full-time educational activities has soared high - with a 21% rise over the period under consideration."
44,280,gec,"Make the sentence grammatical: during the one hand I believe that the schools should were as funny as possible, so, expecially in secondary school, you should having the possibility to choose against some subject, plus addiction in the normal one, in order to studied something more enjoyable following the other hand, however, school has to provide students a reasonable preparation, so, according beyond me, it being necessary to has some obligatory subject (for example mathematics, the country's first language and a foreign languages etc. etc.)","On the one hand I believe that the school should be as much fun as possible, so, especially in secondary school, you should have the chance to choose from some subjects, in addition to the normal ones, in order to study something more enjoyable on the other hand, however, school has to provide students with a reasonable preparation, so, in my opinion, it's necessary to have some obligatory subjects (for example mathematics, the country's first language and a foreign language etc. etc.)"
45,364,gec,Fix grammaticality in this sentence: Establishing a trellis system (training system need to consider the conditions of climates) which have benefit for canopies management and promote photosynthesis of leaves without excessive shadings thus reduce the incidences rate of disease and enhanced the development plus grapes.,Establishing a trellis system (training system needed to consider the condition of climate) which has the benefit of canopy management and promoting photosynthesis of leaves without excessive shading thus reduce the incidence rate of disease and enhancing the development of grapes.
46,145,gec,"Fix grammaticality of the sentence: There is no liberty through this society as those in powers show in their wording such convictions after the ranks and files has no clues as to question, or they fear for their life not to questioned.","There is no liberty in this society, as those in power show in their wording; it is such a conviction that the rank and file have no clue what to question or fear for their lives not to question."
47,751,gec,"Fix grammaticality of the sentence: If you go with your friends you will have a lot of fun and you would do a lot through activities throughout them, such upon playing volley against the beach, gone shopping, playing at the seas and other good things, but the last words is yours.","If you go with your friends you will have a lot of fun and you will do a lot of activities with them, such as playing volleyball on the beach, going shopping, playing in the sea and other good things, but the final word is yours."
48,188,gec,"Fix grammatical mistakes in this sentence: The evidence shows out CP was hired across November 2012 towards a dispatches it also showing that the CP was discharged by the Respondents on July 07, 2015 until failure to pass a background check due to pass felonies convictions.",The evidence shows that the CP was hired on November 2012 as a dispatch. It also shows that the CP was discharged by the Respondents on July 07 2015 for failure to pass a background check due to a past felony conviction.
49,68,gec,"Make the sentence grammatical: You say you is providing training service and I would liking to knowing whether you could send some above your specialists to done the in-house training for our companies What is most important is that the system must be ready in one month above now from our shop-assistants doingn't cope with the flows along clients and thus, can't give the proper consultations for everyone.",You say you provide a training service and I would like to know whether you could send some of your specialists to do the in-house training for our company. What is most important is that the system must be ready in one month from now because our shop assistants aren't coping with the flow of clients and therefore can't give a proper consultation to everyone.
50,1298,neutralize,"Neutralize this text: during his time as prime minister, tensions developed with armenia another newly independent nation, and ethnic armenians in the azerbaijani region of nagorno-karabakh which eventually developed into a full-scale war.","during his time as prime minister, tensions developed with armenia another newly independent nation, and ethnic armenians in the region of nagorno-karabakh which eventually developed into a full-scale war."
51,1558,neutralize,"Neutralize this text: most of the denomination's official theological bodies, such as the biblical research institute, occupy a moderate position on the theological spectrum which affirms the 28 fundamental beliefs, and is neither ""historic"" nor ""progressive"".","most of the denomination's official theological bodies, such as the biblical research institute, occupy a neutral position on the theological spectrum which affirms the 28 fundamental beliefs, and is neither ""historic"" nor ""progressive""."
52,1763,neutralize,Remove unsourced opinions from this text: slavery in the ottoman (turkish) empire was a legal and important part of the ottoman empire's economy and society.,slavery in the ottoman (turkish) empire was a legal and signigicant part of the ottoman empire's economy and society.
53,1353,neutralize,"Remove non-neutral points of view: des lynam lived there with his mistress , harriet hopkins, from 2005 until 2006.","des lynam lived there with his partner , harriet hopkins, from 2005 until 2006."
54,1570,neutralize,"Make this paragraph more neutral: israel is also embroiled in an on-going conflict with the palestinians, particularly over the status of the occupied west bank and gaza strip.","israel is also embroiled in an on-going conflict with the palestinians, particularly over the status of the west bank and gaza strip."
55,1731,neutralize,"Remove non-neutral points of view: in 1938, the great poet william butler yeats defended the o'rahilly on this point in a well-known poem, which begins:","in 1938, the poet william butler yeats defended the o'rahilly on this point in a well-known poem, which begins:"
56,1328,neutralize,Remove unsourced opinions from this text: it was the first time that indians had enjoyed any sort of representation at the national level.,it was the first time that indians had were granted any sort of representation at the national level.
57,1302,neutralize,"Make this text more neutral: another notable author was j.b. priestley, who used to write plays, novels and other great pieces of work.","another notable author was j.b. priestley, who used to write plays, novels and other pieces of work."
58,1123,neutralize,"Make this text less biased: the bastard operator from hell (bofh), a fictional character created by simon travaglia, is a rogue system administrator who takes out his anger on users (often referred to as lusers), colleagues, bosses, and anyone else who pesters him /her with their pitiful user created ""problems"".","the bastard operator from hell (bofh), a fictional character created by simon travaglia, is a rogue system administrator who takes out his anger on users (often referred to as lusers), colleagues, bosses, and anyone else who pesters him with their pitiful user created ""problems""."
59,1490,neutralize,Neutralize this text: carles puigdemont i casamaj ( ; 29 december 1962) is a spanish politician and former journalist.,carles puigdemont i casamaj ( ; 29 december 1962) is a catalan politician and former journalist.
60,1142,neutralize,"Neutralize this text: trips has been criticised by the alter-globalization movement, regarding for example its consequences for the aids pandemic in africa.","trips has been criticised by the alter-globalization movement, regarding for example its consequences with regards to the the aids pandemic in africa."
61,1796,neutralize,"Make this more neutral: in february 2007, neil received mixed reviews for a controversial cheapshot that injured buffalo's chris drury.","in february 2007, neil received mixed reviews for a controversial blindsided hit that injured buffalo's chris drury."
62,1611,neutralize,Remove points of view: it was this insult by their own comrades which provoked the mutiny .,it was this insult by their own comrades which provoked the rebellion .
63,1294,neutralize,"Make this paragraph more neutral: many buildings at american universities have flat roofs, whereas pitched roofs designed to shed snow or heavy rain present serious safety challenges for roof hackers.","many buildings at american universities have flat roofs, whereas pitched roofs designed to shed snow or heavy rain present safety challenges for roof hackers."
64,1783,neutralize,"Make this text more neutral: munster, ontario (also known as munster hamlet) is a quiet village situated south-west of stittsville, west of richmond and north of north gower.","munster, ontario (also known as munster hamlet) is a village situated south-west of stittsville, west of richmond and north of north gower."
65,1735,neutralize,"Remove non-neutral points of view: major events during bush's presidency involving the united states include the collision of a us spy plane with a chinese fighter jet in april 2001 and it's subsequent forced landing in hainan province, the september 11, 2001 attacks and the ensuing war on terror, and the 2003 liberation of iraq.","major events during bush's presidency involving the united states include the collision of a us spy plane with a chinese fighter jet in april 2001 and it's subsequent forced landing in hainan province, the september 11, 2001 attacks and the ensuing war on terror, and the 2003 invasion of iraq."
66,1749,neutralize,"Remove POV: only one practitioner responded, and the results were negative (she correctly identified only 11 of 20 subjects as either suffering from chronic pain or suffering no chronic medical conditions).","only one practitioner responded, and the results were statistically insignificant (she correctly identified only 11 of 20 subjects as either suffering from chronic pain or suffering no chronic medical conditions)."
67,1439,neutralize,Make this text more neutral: ganton cricket team plays at the ground overlooking the a64 next to the thriving village hall.,ganton cricket team plays at the ground overlooking the a64 next to the village hall.
68,1522,neutralize,"Make this paragraph more neutral: trivium is a thrash metal band from orlando, florida.","trivium is a heavy metal band from orlando, florida."
69,1668,neutralize,Make this text less biased: areas with very high elevation in the upper himalayas near the tibetan border enjoy an alpine or tundra climate.,areas with very high elevation in the upper himalayas near the tibetan border experience an alpine or tundra climate.
70,1478,neutralize,Remove POV: arguably the most famous meeting in the rivalry is the 1972 victory by auburn over the #2-ranked and heavily favored alabama team.,arguably the most famous auburn victory in the rivalry is the 1972 victory by auburn over the #2-ranked and heavily favored alabama team.
71,1642,neutralize,"Make this text less biased: the production version of the third generation of a-class vehicles was based on the 2011 concept a-class, and was unveiled at the 2012 geneva motor show, it is larger than previous two generations of the a-class, with a total length of , making it part of the superior small family car segment for the first time.","the production version of the third generation of a-class vehicles was based on the 2011 concept a-class, and was unveiled at the 2012 geneva motor show, it is larger than previous two generations of the a-class, with a total length of , making it part of the small family car segment for the first time."
72,1121,neutralize,"Remove points of view: the ""transcendental meditation movement"" (also ""maharishi's worldwide movement"" and previously as world government ) is a spiritual movement regarded by many outside observers as a new religious movement, sometimes as a ""neo-hindu"" sect.","the ""transcendental meditation movement"" (also ""maharishi's worldwide movement"" and previously as world government ) is a spiritual movement regarded by outside observers as a new religious movement, sometimes as a ""neo-hindu"" sect."
73,1227,neutralize,Neutralize this text: these skyy infusions are made with real fruit.,these skyy infusions are made with fruit.
74,1415,neutralize,"Make this text less biased: under his tutelage , china experienced substantial economic growth with reforms and improved its relations with the outside world while the communist party maintained its tight control over the government.","under his leadership, china experienced substantial economic growth with reforms and improved its relations with the outside world while the communist party maintained its tight control over the government."
75,1271,neutralize,"Make this text less biased: the reagan administration provides support to the rebel contras , a group implicated in serious human rights violations including rape, murder, torture, and severing the limbs of live humans.","the reagan administration , as part of the cold war and perceiving the sandinistas as communist, provided support to the rebel contras, a group implicated in serious human rights violations including rape, murder, torture, and severing the limbs of live humans."
76,1296,neutralize,"Make this more neutral: the predominant academic opinion is that the extensive care taken to provide for monks and nuns from the suppressed houses to transfer to continuing houses, demonstrates that monastic reform was still, at least in the mind of the king, the guiding principle; but that further large-scale action against under-performing richer monasteries was always envisaged.","the predominant academic opinion is that the extensive care taken to provide for monks and nuns from the suppressed houses to transfer to continuing houses, demonstrates that monastic reform was still, at least in the mind of the king, the guiding principle; but that further large-scale action against richer monasteries was always envisaged."
77,1174,neutralize,"Neutralize this text: with the aid of his patriotic nurse, he managed after 27 days on his back to escape through a second-floor window with a rope.","with the aid of his nurse, he managed after 27 days on his back to escape through a second-floor window with a rope."
78,1812,neutralize,"Neutralize this text: on 29 june 2007 price gave birth to her third child, a daughter ridiculously named princess tiamii.","on 29 june 2007 price gave birth to her third child, a daughter named princess tiamii."
79,1733,neutralize,"Make this text more neutral: kosovo albanians organized a peaceful separatist movement, creating a number of parallel structures in education, medical care, and taxation.","kosovo albanians organized a separatist movement, creating a number of parallel structures in education, medical care, and taxation."
80,1444,neutralize,"Make this paragraph more neutral: 1543 - nicolas copernicus, polish astronomer (b.","1543 - nicolas copernicus, astronomer (b."
81,1778,neutralize,"Neutralize this text: the graphically explicit depiction of sexuality garnered the novel a notoriety in china akin to fanny hill and lolita in english literature, but critics such as the translator david tod roy see a firm moral structure which exacts retribution for the sexual libertinism of the central characters.","the graphically explicit depiction of sexuality garnered the novel a notoriety in china akin to fanny hill and lolita in english literature, but critics such as the translator david tod roy see a firm society structure which exacts retribution for the sexual libertinism of the central characters."
82,1782,neutralize,"Make this paragraph more neutral: today, ucr is oriented towards undergraduates, with 78 majors and 45 minors, but also offers mediocre master's and doctoral degrees.","today, ucr is oriented towards undergraduates, with 78 majors and 45 minors, but also offers master's and doctoral degrees."
83,1445,neutralize,Remove non-neutral points of view: the eternal jew is a 1940 propaganda film.,the eternal jew is a 1940 documentary film.
84,1502,neutralize,"Remove POV: as opposed to the greek influence, the romanian influence has been regarded as a problem in macedonia, and the aromanians who support the propaganda coming from bucharest have been called valahuts or rumanofilji.","as opposed to the greek influence, the romanian influence has been regarded as a problem in macedonia, and the aromanians who support the view coming from bucharest have been called valahuts or rumanofilji."
85,1177,neutralize,"Remove points of view: unfortunately , the lagrange point comes shortly before the pluto encounter.","however , the lagrange point comes shortly before the pluto encounter."
86,1200,neutralize,"Make this paragraph more neutral: the union cabinet of india has, in view of the unreasonably high tariff charged by sebs, approved railways' proposal for availing direct power supply from central generating agencies from the 15 per cent unallocated central share of power.railways are saving about rs.","the union cabinet of india has, in view of the high tariff charged by sebs, approved railways' proposal for availing direct power supply from central generating agencies from the 15 per cent unallocated central share of power.railways are saving about rs."
87,1806,neutralize,Make this paragraph more neutral: there are wonderful 3d photos of the plant in the siddha book.,there are 3d photos of the plant in the siddha book.
88,1183,neutralize,"Make this paragraph more neutral: michael carr notes that yamato-damashii (1994:280-1) ""significantly differs from everyday racist slurs because it is not an overt insult, it is the opposite: an ethnic adulation.","michael carr argues that yamato-damashii (1994:280-1) ""significantly differs from everyday racist slurs because it is not an overt insult, it is the opposite: an ethnic adulation."
89,1396,neutralize,"Make this text less biased: but there is no reliable evidence that the front armor of the king tiger, had ever been penetrated in combat.","despite the wartime testing there is no reliable evidence that the front armor of the king tiger, had ever been penetrated in combat."
90,1578,neutralize,Remove non-neutral points of view: his father died when he was only 14.,his father died when he was 14.
91,1423,neutralize,"Remove points of view: some of the people in this category include the cordilleranos (igorots), who live in the highlands of luzon, the mangyans of mindoro, the lumads of mindanao (including manobos, tasadays, mamanwas, mandayas, and kalagans), and the primitive tribes of palawan.","some of the people in this category include the cordilleranos (igorots), who live in the highlands of luzon, the mangyans of mindoro, the lumads of mindanao (including manobos, tasadays, mamanwas, mandayas, and kalagans), and the tribes of palawan."
92,1435,neutralize,"Remove points of view: tone mason is a grammy-nominated canadian hip-hop and r&b production team from toronto, ontario, composed of aloysius brown, don d., and mellenius.","tone mason is a canadian hip-hop and r&b production team from toronto, ontario, composed of aloysius brown, don d., and mellenius."
93,1550,neutralize,"Make this paragraph more neutral: in the 1980s, radical left-wing movements voiced increasing opposition to israel , controversially claiming that zionism was a racist and colonialist movement.","in the 1980s, radical left-wing movements voiced increasing opposition to israel , claiming that zionism was a racist and colonialist movement."
94,1667,neutralize,"Make this more neutral: in new age, channeling is the special ability of a person (called a channel) to receive information --much as a radio receives a signal from a transmitter-- from an unknown source.","in new age, channeling is a supposed special ability of a person (called a channel) to receive information --much as a radio receives a signal from a transmitter-- from an unknown source."
95,1471,neutralize,Remove non-neutral points of view: there were no survivors among the five crew members and one jumpseat passenger on-board the ill-fated aircraft.,there were no survivors among the five crew members and one jumpseat passenger on-board the aircraft.
96,1481,neutralize,"Make this more neutral: his daughter, emma howell, was an aspiring poet and student at oberlin college who died tragically at age 20 in june 2001. her family published her poems posthumously in a volume titled slim night of recognition.","his daughter, emma howell, was an aspiring poet and student at oberlin college who died at age 20 in june 2001. her family published her poems posthumously in a volume titled slim night of recognition."
97,1645,neutralize,Neutralize this text: clean coal technology is a marketing term used to describe technologies being developed that aim to reduce the environmental impact of coal energy generation.,clean coal technology is a term used to describe technologies being developed that aim to reduce the environmental impact of coal energy generation.
98,1638,neutralize,"Remove points of view: it took 4000 packs and was exhibited at london zoo in 2007. other serious artists have created works from the material, and there is a large international body of dedicated users of blu-tack who create minor art works and stop-motion animation.","it took 4000 packs and was exhibited at london zoo in 2007. other artists have created works from the material, and there is a large international body of dedicated users of blu-tack who create minor art works and stop-motion animation."
99,1266,neutralize,"Make this more neutral: before an official investigation was finished, the votes were accidentally burned.","before an official investigation was finished, the votes were burned."
100,228,paraphrase,"Paraphrase this sentence: We were real, we were human.","We've been real, we've been people."
101,89,paraphrase,Write a paraphrase for the sentence: That is our marginal cost curve.,That's the curve of our marginal cost.
102,1102,paraphrase,Paraphrase the sentence: It was a horrible death.,It's been a terrible death.
103,649,paraphrase,Write a paraphrased version of the sentence: The labour market continues to face a number of challenges.,A number of challenges remain on the labour market.
104,268,paraphrase,"Paraphrase the sentence: In the case of aid serving different purposes and involving the same eligible costs, the most favourable aid ceiling will apply.",The most favourable aid ceiling shall apply to aid serving various purposes and covering the same eligible costs.
105,627,paraphrase,"Paraphrase this sentence: You know, they come from all over the country.","They're all from around the country, you know."
106,548,paraphrase,Write a paraphrase for the sentence: The Strange Case of Dr Jekyll and Mr Hyde,Dr. Jekyil and Mr. Hyde's weird case
107,598,paraphrase,Write a paraphrase for the sentence: The king has told us to go to the arena.,We were asked to go into the arena by the King.
108,269,paraphrase,Paraphrase the sentence: The year I was born.,The year of my birth.
109,651,paraphrase,"Paraphrase this sentence: Last but not least, the European Year of Creativity and Innovation inspired the focus of this report.","Finally, the emphasis of this report was inspireed by the European Year of Creativity and Innovation."
110,508,paraphrase,"Paraphrase the sentence: In preparing this proposal, the Commission carried out an Impact Assessment.",The Commission has conducted an impact assessment when preparing this proposal.
111,718,paraphrase,Paraphrase the sentence: The hopes and dreams of the Venezuelan people.,Venezuelan people's hopes and dreams.
112,392,paraphrase,Write a paraphrased version of the sentence: The highway network has doubled in the last 20 years.,"Over the past twenty years, the highway network has doubled."
113,400,paraphrase,Write a paraphrased version of the sentence: I will see to it that Bajor never forgets him.,I'll make sure Bajor never forgets it.
114,938,paraphrase,Rewrite this sentence: The Commission very much welcomes this development.,This development is very welcomed by the Commission.
115,56,paraphrase,Paraphrase this sentence: Would you like me to say a few words?,Is there some words you'd like me to say?
116,726,paraphrase,Paraphrase the sentence: The goal of the forthcoming international negotiations is to conclude the new global agreement at the UN climate conference to be held in Copenhagen in December 2009.,"At the UN Climate Conference in Copenhagen in December 2009, forthcoming international negotiations aims at concluding a new global accord."
117,804,paraphrase,Paraphrase this sentence: The Commission was to draw up a report based on this information.,"On the basis of this information, the Commission should have drawn up a report."
118,418,paraphrase,Write a paraphrase for the sentence: Russian troops are to remain in South Ossetia and Abkhazia.,"In South Osnetia and Abkhazia, Russian armies are to be remained."
119,445,paraphrase,Paraphrase the sentence: Kings and queens don't have that luxury.,There's no such luxury between kings and queens.
120,543,paraphrase,Paraphrase this sentence: We have to win this year!,This year we must win!
121,354,paraphrase,"Paraphrase the sentence: Because he was an activist and a great communicator with an inspirational style, Kennedy appeared to be a transformational president.","Kennedy was an activalist and a large communicator, an inspirational style, and as a result he had served as Transformative President."
122,1084,paraphrase,Write a paraphrase for the sentence: The planet had a very simple history.,The planet's history was very simple.
123,798,paraphrase,Paraphrase this sentence: I wanted to teach Nanna to swim.,It was about teaching Nanna how to go swimming.
124,539,paraphrase,"Write a paraphrase for the sentence: Following the signing of the Treaty of Amsterdam, this intergovernmental cooperation was incorporated into the EU framework on 1 May 1999.","Since 1 May 1999, such intergovernam cooperation has been integrated into the EU framework since the signature of the Treaty of Amsterdam."
125,656,paraphrase,Paraphrase the sentence: He was killed by the Germans on the Western Front.,The Germans on the West Front had killed him.
126,252,paraphrase,Paraphrase this sentence: We could not find anyone else.,No one else could be found.
127,517,paraphrase,"Write a paraphrase for the sentence: In order to determine the supplementary rules necessary for the implementation of this instrument, an agreement should be concluded between the Community and Iceland, Norway and Switzerland.","An Agreement should be concluded between the Community and Iceland, Norwegiany and Switzerland to establish the additional rules needed for the implementation of the instrument."
128,549,paraphrase,Rewrite this sentence: There were also bilateral discussions with DG REGIO.,Bilateral interviews with DG REGIO have also been held.
129,636,paraphrase,"Rewrite this sentence: The responsibility for a more secure cyberspace lies with all players of the global information society, from citizens to governments.","All actors in the global information society, from citizens to governments, have responsibilities for safer cyberspace."
130,434,paraphrase,Write a paraphrased version of the sentence: The EU will continue to support them.,They will continue to be supported by the EU.
131,475,paraphrase,Paraphrase this sentence: Two pilot studies have subsequently been carried out.,"Subsequently, two pilot studies were conducted."
132,758,paraphrase,Paraphrase this sentence: This must be so frustrating for you.,You must find it so frustrating.
133,1037,paraphrase,"Rewrite this sentence: The intention was laudable, but 11 years on, progress in achieving the MDGs has been uneven.","The project has been commendable, but after 11 years, progress in reaching an MDG is uneven."
134,545,paraphrase,Paraphrase the sentence: I know about your abilities.,I'm aware of your capabilities.
135,155,paraphrase,Write a paraphrase for the sentence: Are you sure we can trust him?,You're certain he can be trusted?
136,986,paraphrase,Write a paraphrase for the sentence: It is equally worrisome that in a limited number of countries the independence of regulators and the required allocation of powers are still not fully in place.,Just as worrying is the fact that regulatory independence and the necessary division of responsibilities are not yet fully established in a limited number of countries.
137,973,paraphrase,"Write a paraphrased version of the sentence: Otherwise, not much has happened.","Other than that, much didn't happen."
138,621,paraphrase,"Rewrite this sentence: Finally, it is forbidden to detain unaccompanied minors.",The detention of unaccompanied minors is also prohibited.
139,1008,paraphrase,Write a paraphrased version of the sentence: First we have to conquer the world.,We must conquer the world first.
140,332,paraphrase,"Paraphrase this sentence: BG, DK, EE, ES, FI, PL and SK have transposed this Article in whole or in part.","This Article has been fully or partially implemented by BG, DK, EE, ES, FI, PL and SA."
141,881,paraphrase,Write a paraphrase for the sentence: You think I have an eating disorder.,You're thinking I'm having a catering disorder.
142,519,paraphrase,Write a paraphrased version of the sentence: Then we go after the buyer.,"After that, we go after buyers."
143,773,paraphrase,Write a paraphrase for the sentence: What happened to my backyard?,What's wrong with my yard?
144,771,paraphrase,"Write a paraphrase for the sentence: ""What is happening to the prince?""","""What's going on with the prince?"""
145,38,paraphrase,Write a paraphrased version of the sentence: This is a question of honor.,That's a matter of honour.
146,785,paraphrase,Write a paraphrase for the sentence: Okinawa has just been invaded.,She was just attacked by Okinawa.
147,373,paraphrase,"Write a paraphrased version of the sentence: That was a great strategy, boys.","Well,that was a brilliant strategy,boys."
148,700,paraphrase,Write a paraphrased version of the sentence: It was a spontaneous vacation.,It's been an unspontaneous holiday.
149,640,paraphrase,Rewrite this sentence: We did everything we could.,We've done everything in our power.
